MATERIAL DE ESCRITORIO,REMEDIOS,ALIMENTOS
REMEDIOS,ROUPAS,REMEDIOS
MATERIAL DE LIMPEZA,ALIMENTOS,BRINQUEDOS
RECURSOS RAROS,GASOLINA,MATERIAL DE ESCRITORIO
FRUTAS,BRINQUEDOS,BRINQUEDOS
MATERIAL DE ESCRITORIO,GASOLINA,MATERIAL DE LIMPEZA
GASOLINA,MATERIAL DE ESCRITORIO,RECURSOS RAROS
ROUPAS,MATERIAL DE ESCRITORIO,BRINQUEDOS
FRUTAS,BRINQUEDOS,RECURSOS RAROS
FRUTAS,BRINQUEDOS,BRINQUEDOS
GASOLINA,MATERIAL DE ESCRITORIO,GASOLINA
FRUTAS,ALIMENTOS,RINQUEDOS
FRUTAS,MATERIAL DE ESCRITORIO,MATERIAL DE ESCRITORIOBRINQUEDOS
RECURSOS RAROS,MATERIAL DE LIMPEZA,GASOLINA
MATERIAL DE ESCRITORIO,ROUPAS,MATERIAL DE ESCRITORIO
RECURSOS RAROS,MATERIAL DE ESCRITORIO,GASOLINA
GASOLINA,GASOLINA,ALIMENTOS
FRUTAS,ALIMENTOS,GASOLINA
MATERIAL DE LIMPEZA,ROUPAS,MATERIAL DE ESCRITORIO
MATERIAL DE ESCRITORIO,MATERIAL DE LIMPEZA,MATERIAL DE ESCRITORIO
REMEDIOS,GASOLINA,FRUTAS
ROUPAS,ROUPAS,ALIMENTOS
GASOLINA,RECURSOS RAROS,MATERIAL DE ESCRITORIO
ALIMENTOS,BRINQUEDOS,REMEDIOS
GASOLINA,ROUPAS,MATERIAL DE LIMPEZA
REMEDIOS,MATERIAL DE ESCRITORIO,RECURSOS RAROS
